run,apogee_m,impact_x_m,impact_y_m,wind_scale,thrust_scale,dry_mass_scale,aero_scale,sensor_bias_scale,impact_valid
0,117278,2497.54,185.258,1.15258,0.992899,0.984655,1.00628,1.00486,1
1,111927,2102.45,159.02,1.00094,0.987614,1.00138,1.02921,1.24504,1
2,102423,2621.22,197.929,1.30151,0.954495,1.00721,1.02483,1.26442,1
3,106175,2490.98,191.692,1.20812,0.963716,0.99615,1.04575,0.971638,1
4,116523,1700.4,126.77,0.804658,1.01513,1.0174,1.01784,1.04582,1
5,115915,2354.81,172.997,1.115,1.00897,1.01448,1.00086,0.963469,1
6,112686,1969.37,147.451,0.931595,0.985336,0.99596,1.01704,0.968927,1
7,115827,1127.06,83.5154,0.525986,0.993719,0.993067,1.00609,0.92552,1
8,125804,1781.78,128.026,0.802148,1.02476,0.991226,0.975985,1.07412,1
9,110306,1728.08,122.914,0.833305,0.980018,1.00895,0.962927,0.758054,1
10,117843,1942.81,145.373,0.907483,1.01155,1.00545,1.02014,0.780458,1
11,116580,2401.08,175.949,1.12501,1.00229,1.00255,0.996076,0.768567,1
12,114143,2270.8,173.222,1.07088,0.996032,1.00007,1.03952,1.00289,1
13,129649,1739,127.494,0.778689,1.04963,1.0029,1.00139,1.12407,1
14,114993,2194.92,159.538,1.0295,0.99009,0.995295,0.985274,0.929607,1
15,111133,2186.32,159.933,1.0382,0.974115,0.99225,0.990215,0.748689,1
16,116697,1948.06,146.651,0.918869,1.01429,1.01388,1.02816,0.816364,1
17,118808,1852.68,136.377,0.863183,1.01386,1.00632,1.0025,1.03227,1
18,114471,1933.36,142.968,0.9108,0.993092,0.999341,1.00458,1.03829,1
19,114342,3008.28,225.22,1.43019,1.00372,1.01244,1.02093,0.724235,1
20,113700,1626.58,117.597,0.769761,0.988891,1.00102,0.980047,0.827374,1
21,121842,3008.91,215.207,1.37881,1.01458,0.996992,0.97094,0.776302,1
22,106901,2611.04,196.204,1.24943,0.95255,0.980463,1.01609,1.03498,1
23,125336,1992.76,143.283,0.900109,1.02513,0.993749,0.977047,0.837241,1
24,119136,1892.05,134.553,0.881012,1.01101,1.00611,0.965469,1.28344,1
25,121087,2048.64,151.165,0.947307,1.02323,1.0073,1.00621,1.15323,1
26,110751,2237.26,166.049,1.06892,0.979506,0.999388,1.00728,1.29414,1
27,116026,1462.65,105.746,0.695278,1.01192,1.02033,0.984489,1.12539,1
28,118161,2917.34,217.326,1.33947,0.994693,0.982095,1.01091,1.07093,1
29,111685,2032.8,149.837,0.972754,0.987579,1.00666,1.00138,0.760122,1
30,117588,2017.74,146.3,0.943839,1.00679,1.00519,0.985413,1.0626,1
31,124627,1764.82,131.08,0.793367,1.0191,0.984286,1.01024,1.06337,1
32,116785,2645.17,191.357,1.23982,1.00251,1.00378,0.982491,0.858477,1
33,113249,1657.95,122.709,0.787356,0.992297,1.00436,1.006,0.795983,1
34,115939,1717.15,125.851,0.806619,1.00012,1.00281,0.995973,1.03948,1
35,106420,1700.27,125.572,0.836847,0.975217,1.01754,1.00348,0.630826,1
36,110561,2271.1,169.494,1.08142,0.97522,0.993622,1.01224,0.850494,1
37,106672,1723.43,127.355,0.835662,0.96186,0.997376,1.00049,0.989399,1
38,120022,3146.31,226.476,1.46428,1.01889,1.01045,0.979647,0.931098,1
39,107974,1437.93,102.805,0.7045,0.97873,1.01892,0.969252,1.30591,1
40,119753,2035.25,158.342,0.935563,1.01417,0.993376,1.06311,1.27047,1
41,112420,2752.41,202.42,1.31347,0.990141,1.00668,0.999287,1.42399,1
42,115953,2187.36,162.639,1.0288,1.00362,1.00522,1.01235,0.999443,1
43,121972,2185.19,160.804,0.997079,1.01468,0.99226,1.00066,1.23991,1
44,115380,2601.23,184.606,1.22237,0.991928,0.999406,0.960817,1.3053,1
45,107516,1448.95,107.622,0.705536,0.973672,1.00847,1.00848,1.23989,1
46,117247,2331.84,159.11,1.0823,0.98785,0.990351,0.919558,1.09803,1
47,116429,2412.79,178.579,1.1377,1.00945,1.01138,1.00866,0.736717,1
48,126325,2191.9,160.28,0.981431,1.02488,0.986417,0.99417,1.30384,1
49,127030,2363.32,164.777,1.07176,1.03804,1.00716,0.947867,0.788542,1
50,112022,1795.12,129.751,0.85839,0.986804,1.00685,0.980257,0.753933,1
51,113616,2772.64,201.116,1.30377,0.981948,0.991508,0.981949,0.864895,1
52,111306,2141.57,162.251,1.02609,0.989735,1.00725,1.03201,0.968023,1
53,124115,2491.93,193.081,1.12329,1.02451,0.98703,1.05876,1.00173,1
54,118128,2019.48,144.436,0.937461,1.00073,0.996488,0.969358,1.16083,1
55,118006,2249.41,167.446,1.04403,1.0051,0.996849,1.01279,1.17966,1
56,119044,1943.31,141.284,0.903016,1.01102,1.00328,0.988494,0.975038,1
57,107864,2156.07,165.168,1.04984,0.980793,1.01151,1.04411,1.25326,1
58,118943,2110.31,155.505,0.979906,1.01131,1.00212,1.00293,0.688961,1
59,117941,2400.82,173.081,1.10807,0.994157,0.987441,0.976119,1.41618,1
60,118205,2270.45,169.66,1.05647,1.00993,1.00172,1.01808,1.22617,1
61,122332,1847.34,133.716,0.848405,1.02231,1.00307,0.984881,0.962519,1
62,109421,1791.65,132.773,0.863294,0.977643,1.00409,1.00591,1.10652,1
63,122575,2257.77,171.345,1.01998,1.01253,0.981835,1.03322,1.18988,1
64,114099,2369.41,169.161,1.11591,0.985211,0.995884,0.965967,1.09647,1
65,110125,2235.86,162.903,1.09391,0.997279,1.03006,0.992492,1.18335,1
66,113476,1403.45,99.2044,0.661654,0.980176,0.993676,0.954791,0.90116,1
67,113019,2866.4,221.102,1.35964,0.995109,1.00276,1.05251,0.963151,1
68,119897,2071.85,152.762,0.951807,1.00689,0.991534,1.0019,0.480524,1
69,113160,2174.49,166.414,1.02599,0.989387,0.995542,1.04195,0.788312,1
70,120292,1670.09,121.103,0.774708,1.01825,1.00721,0.98684,1.1857,1
71,115459,1569.23,116.579,0.744393,1.00895,1.01503,1.01303,1.17882,1
72,112636,1910.84,144.885,0.907817,0.991305,1.00235,1.03245,1.04113,1
73,111424,2217.55,168.534,1.05045,0.979049,0.991491,1.03257,1.2517,1
74,119686,1980.55,148.235,0.910036,1.00759,0.99117,1.01834,0.967143,1
75,117422,2199.29,159.911,1.0265,1.00349,1.00117,0.987642,0.832479,1
76,114136,2137.82,156.477,1.00215,0.983855,0.990096,0.991545,0.910536,1
77,108183,2357.2,180.764,1.13873,0.975226,1.00188,1.0436,0.964544,1
78,112567,1065.61,79.0798,0.513913,1.00391,1.02331,1.01225,0.881208,1
79,120405,1974.51,143.796,0.914742,1.01829,1.00606,0.991362,0.847999,1
80,118273,2307.85,158.834,1.07855,1.00414,1.00591,0.931306,1.13695,1
81,113765,2030.28,147.039,0.957705,0.986195,0.996763,0.981195,0.879572,1
82,114967,1688.14,127.286,0.786493,0.98774,0.986569,1.02392,0.871025,1
83,114827,1680.08,125.799,0.786806,0.991225,0.993072,1.01733,0.883101,1
84,116396,2494.41,190.384,1.15814,0.996735,0.989626,1.03898,1.2227,1
85,120834,2181.02,164.417,0.992209,1.00632,0.982887,1.02522,1.53514,1
86,116547,2169.86,160.461,1.01195,0.998241,0.995877,1.00476,0.59187,1
87,118283,2528.79,176.474,1.18079,1.00508,1.00513,0.945402,0.999994,1
88,119004,2479.38,183.742,1.15815,1.01919,1.0114,1.01107,1.56295,1
89,130305,2637.84,190.32,1.16065,1.03203,0.979922,0.979875,0.633551,1
90,110723,2626.79,195.775,1.24951,0.975254,0.993033,1.01075,0.998443,1
91,113426,2125.07,153.472,0.99246,0.97273,0.980602,0.975101,0.760273,1
92,123503,1762.39,133.102,0.800494,1.0247,0.994189,1.03048,1.2234,1
93,120840,2012.63,147.986,0.928003,1.01766,1.00169,1.00116,0.84534,1
94,113459,1410.97,105.43,0.670439,0.995866,1.00664,1.01708,0.611769,1
95,119924,1915.25,141.167,0.881276,1.00879,0.993977,1.00198,0.919968,1
96,113438,2830.78,207.102,1.34597,0.993541,1.00686,0.994026,1.05134,1
97,102709,1851.14,141.408,0.920712,0.960158,1.01175,1.0388,1.39394,1
98,116886,2229.59,151.032,1.04626,0.995993,1.00407,0.914565,0.904361,1
99,113374,1704.68,123.668,0.813808,0.996188,1.01209,0.985678,0.972351,1
100,118937,2454.31,190.205,1.14369,1.02249,1.00902,1.06151,1.36542,1
101,114437,2500.36,180.15,1.18743,0.997983,1.01011,0.978433,0.976966,1
102,119374,2456.2,179.371,1.13843,1.01135,1.00144,0.993165,0.812296,1
103,115215,1929.56,142.015,0.907532,0.996455,1.00086,0.99996,0.635689,1
104,130018,2189.86,158.682,0.976684,1.04607,0.998455,0.987969,0.895898,1
105,116972,1981.86,148.24,0.93143,1.01153,1.0098,1.02025,1.02227,1
106,112800,1809.71,130.948,0.866577,0.994591,1.01328,0.982902,0.915746,1
107,107438,2276.82,172.071,1.11278,0.979355,1.01404,1.02901,1.36113,1
108,112454,2108.03,162.154,1.00302,0.993552,1.00402,1.04921,1.08899,1
109,114537,1620.21,124.752,0.768916,1.00732,1.01182,1.05267,0.921244,1
110,128675,1834.66,137.453,0.825615,1.05136,1.00618,1.02577,1.03296,1
111,125944,2336.96,175.301,1.04922,1.02875,0.989265,1.0228,1.16728,1
112,121521,2104.11,149.5,0.974162,1.02269,1.01018,0.966164,0.617176,1
113,112242,2226.62,168.127,1.06969,0.999582,1.01635,1.03034,0.822574,1
114,118752,2258.84,168.377,1.04473,1.00713,0.9957,1.01437,1.16572,1
115,114131,2393.42,180.305,1.13255,0.997825,1.00456,1.0262,0.465721,1
116,106505,2064.27,145.184,1.01717,0.970682,1.01819,0.95145,0.922465,1
117,118072,2065.5,141.973,0.960831,0.997405,0.998081,0.928532,0.991766,1
118,119372,2217.99,159.938,1.02681,1.0083,0.999302,0.979075,1.25999,1
119,119579,2549.28,189.135,1.16683,1.00136,0.984776,1.00738,1.1269,1
120,116224,2109.37,153.304,0.98513,0.994915,0.995667,0.985672,1.26577,1
121,118844,1627.06,124.12,0.754761,1.01438,1.00125,1.04154,0.709134,1
122,104458,2890.48,212.602,1.432,0.965432,1.01537,0.998033,0.571491,1
123,122113,1693.42,121.869,0.77822,1.02059,1.0027,0.978521,0.965431,1
124,125328,2007.32,136.841,0.9172,1.03101,1.00905,0.924648,1.24591,1
125,105465,1879.58,133.038,0.931591,0.969069,1.02075,0.95811,0.627835,1
126,110625,2160,163.549,1.0369,0.986276,1.00619,1.03086,1.23948,1
127,118712,1294.08,90.9829,0.598936,0.999639,0.994715,0.951226,1.31787,1
128,114815,1896.23,140.262,0.890783,0.992759,0.997109,1.0046,0.934433,1
129,120084,1628.91,122,0.755228,1.02065,1.00643,1.02222,1.08436,1
130,117140,1833.01,140.058,0.845206,0.99511,0.983621,1.03924,0.91105,1
131,122689,2297.36,171.634,1.04224,1.01578,0.988008,1.01683,0.678003,1
132,118471,2166.28,155.195,1.00692,1.00499,1.00025,0.971975,0.827532,1
133,114215,1947.36,143.497,0.919583,0.993178,1.0013,1.00099,1.23983,1
134,109489,2128.08,149.089,1.03197,0.97748,1.01204,0.947434,0.697026,1
135,114760,2071.15,146.909,0.974721,0.988649,0.998176,0.959739,1.22061,1
136,112203,2136.11,152.74,1.02803,0.993694,1.01696,0.970706,0.952814,1
137,124260,2402.9,177.342,1.08559,1.02106,0.989493,1.00418,0.948541,1
138,118766,2197.72,163.82,1.02108,1.01221,1.00239,1.01567,1.51692,1
139,125393,1872.1,130.314,0.847741,1.02404,0.996756,0.94365,0.775584,1
140,114588,1175.63,86.2991,0.558394,1.00184,1.01172,0.998836,1.13951,1
141,120738,1522.5,108.061,0.698213,1.0061,0.992181,0.96137,1.2292,1
142,119954,2222.55,165.281,1.02735,1.0153,1.00108,1.01323,1.04177,1
143,110475,2309.36,170.431,1.11136,0.984168,1.00814,1.00258,0.73659,1
144,107201,1609.24,120.161,0.773567,0.95862,0.98835,1.01049,0.970891,1
145,127843,2540.67,191.668,1.13673,1.03958,0.993747,1.03083,1.21832,1
146,121655,1043.75,77.035,0.479841,1.02104,1.00167,1.00552,0.942186,1
147,112382,3387.77,246.665,1.61529,0.987611,1.00496,0.988184,0.802034,1
148,115625,1828.94,128.413,0.852309,0.983483,0.98837,0.947651,0.827882,1
149,121965,2453.39,175.684,1.11554,1.00706,0.986358,0.970173,1.17197,1
150,111401,2431.64,183.648,1.16345,0.988571,1.00566,1.02821,0.739998,1
151,115135,1715.95,133.6,0.812852,1.01165,1.01279,1.06609,0.756337,1
152,114082,1993.26,153.526,0.945087,1.00278,1.00795,1.05213,1.113,1
153,115226,2591.49,200.716,1.21206,0.99775,0.994447,1.05641,0.901129,1
154,124827,2734.38,195.971,1.23882,1.02435,0.995544,0.973849,0.897727,1
155,108394,1189.82,87.1646,0.578641,0.977576,1.0113,0.994186,0.694141,1
156,108359,2638.81,200.65,1.28131,0.980819,1.01007,1.0356,0.679839,1
157,122335,3083.29,233.81,1.40885,1.02326,0.99715,1.03542,1.02871,1
158,122687,2590.62,189.879,1.1945,1.03124,1.0112,1.00027,1.12559,1
159,115961,2663.29,201.759,1.25259,1.00629,1.00582,1.03351,1.02961,1
160,113457,3003.99,225.66,1.4158,0.987926,0.995011,1.02101,0.970831,1
161,110091,1812.15,127.774,0.8838,0.989206,1.02407,0.956421,0.914187,1
162,118226,2706.5,198.613,1.25725,1.00574,0.998824,0.99758,0.835758,1
163,122691,2224.48,164.632,1.00567,1.01062,0.982698,1.00534,0.924459,1
164,111747,1811.46,130.286,0.858845,0.975001,0.99287,0.972323,0.893985,1
165,105980,1752.02,130.12,0.855409,0.96406,1.00345,1.00688,0.885115,1
166,122976,1569.03,115.02,0.715741,1.02134,0.996858,0.997655,0.506761,1
167,118514,1914.75,141.312,0.878938,0.995769,0.983273,1.00083,1.12175,1
168,111621,2454.07,181.663,1.15419,0.969511,0.981578,1.0014,0.964646,1
169,112005,2710.34,203.79,1.28689,0.984578,0.997759,1.02198,0.863361,1
170,104105,2368.26,173.737,1.16133,0.951739,0.998402,0.991869,1.22082,1
171,120657,1906.3,135.722,0.879062,1.01197,0.999879,0.966066,1.21793,1
172,113150,1845.86,131.964,0.873979,0.983679,0.998424,0.967469,1.21036,1
173,113731,2069.5,144.393,0.982393,0.987777,1.00462,0.943426,1.26825,1
174,118536,2449.56,186.541,1.14041,1.01578,1.00489,1.04026,0.797252,1
175,115616,2136.67,162.85,1.00981,1.00978,1.0113,1.04131,0.839096,1
176,113411,2029.51,151.974,0.957885,0.988601,0.996676,1.01761,1.201,1
177,118546,2369.11,169.606,1.10003,1.00431,0.999084,0.971062,0.987967,1
178,116463,2288.17,169.249,1.07243,1.003,1.00265,1.00629,1.03654,1
179,124966,2194.8,156.751,0.988304,1.01805,0.987231,0.968552,0.921499,1
180,111648,2579.19,196.328,1.22649,0.985119,0.998381,1.03584,1.17419,1
181,119865,1300.25,91.042,0.605287,1.01421,1.00908,0.949988,1.07957,1
182,107632,1912.62,139.196,0.931309,0.971875,1.00851,0.986314,0.821668,1
183,117617,2855.03,209.969,1.32727,1.00224,0.996797,0.999375,0.928995,1
184,110205,2168.94,156.513,1.03794,0.973122,0.997805,0.976221,1.31836,1
185,119316,1704.55,126.033,0.793059,1.01682,1.00709,1.00774,0.992908,1
186,126363,1485.07,110.919,0.668811,1.03469,0.995711,1.01933,0.801545,1
187,115299,2108.79,156.274,0.984038,0.989592,0.990121,1.00551,0.82337,1
188,111307,1873.94,146.054,0.894005,0.989223,1.00192,1.0636,0.750412,1
189,112980,1836.77,134.136,0.871931,0.987949,1.00189,0.990817,0.720379,1
190,118266,2385.92,177.895,1.10661,1.00655,0.997254,1.01479,1.10357,1
191,123218,2011.58,149.246,0.92182,1.03,1.00521,1.01266,1.14609,1
192,117983,1621.46,122.483,0.759032,1.01638,1.00972,1.03168,0.682459,1
193,120248,2146.08,158.462,0.980118,1.00329,0.984876,1.00233,1.20469,1
194,116466,2322.08,173.83,1.09532,1.01173,1.01248,1.02153,0.924493,1
195,123501,2363.89,171.542,1.06786,1.01302,0.98505,0.984664,1.05439,1
196,112731,2906.94,213.185,1.37948,0.986242,1.00019,0.995142,0.946901,1
197,117309,2408.51,175.692,1.11162,0.990985,0.9845,0.987988,0.940355,1
198,107913,1730.43,131.74,0.827618,0.961722,0.985749,1.03203,1.036,1
199,113750,1930.6,141.512,0.911198,0.988298,0.997859,0.994385,0.866846,1
200,117068,1830.73,131.564,0.84851,0.991638,0.988805,0.972613,0.975556,1
201,122314,2015.42,144.769,0.922951,1.01793,0.998545,0.975828,0.986515,1
202,111412,2565.61,183.628,1.23112,0.984431,1.00826,0.969922,1.07623,1
203,110222,3005.31,222.388,1.45075,0.985821,1.01133,1.00616,1.25963,1
204,105034,2508.71,181.442,1.23162,0.958563,1.00507,0.978105,0.861993,1
205,119325,1698.54,127.959,0.788246,1.01671,1.00399,1.02801,0.671219,1
206,116939,1974.27,145.318,0.911608,0.989878,0.983452,0.997388,1.23467,1
207,114395,2968.8,218.763,1.39735,0.991099,0.997567,1.00049,0.586948,1
208,116145,1997.09,138.595,0.943443,1.00061,1.01054,0.939826,0.932271,1
209,122683,1886.97,138.788,0.863286,1.02288,0.99974,1.00178,1.0093,1
210,113996,2622.29,193.011,1.23432,0.987911,0.995443,0.998646,0.943076,1
211,106425,1831,130.568,0.886251,0.953442,0.992408,0.961275,1.33874,1
212,115855,2422.29,171.819,1.12632,0.984211,0.986717,0.958119,1.57406,1
213,118549,3269.9,231.245,1.52381,1.00671,1.00406,0.959223,1.1242,1
214,107040,1735.69,123.063,0.846288,0.965086,1.00623,0.957911,1.04696,1
215,115034,2526.88,186.818,1.18634,0.993774,0.997448,1.00428,0.879411,1
216,115331,1827.95,129.621,0.859584,0.992159,1.00009,0.959967,1.24952,1
217,119491,1928.26,139.181,0.888206,1.00382,0.992641,0.978875,1.24487,1
218,126763,3069.66,220.148,1.37307,1.0243,0.986562,0.973578,0.816141,1
219,114864,2357.1,171.352,1.10452,0.988123,0.993256,0.985032,0.736524,1
220,117365,2374.3,169.381,1.10709,0.999428,0.998865,0.966879,0.949501,1
221,117171,1732.59,126.483,0.806643,0.999376,0.996299,0.990916,0.9609,1
222,115309,2400.73,185.443,1.1231,0.998245,0.995133,1.05344,0.541652,1
223,109272,2329.49,176.376,1.12688,0.983599,1.0097,1.03099,1.42664,1
224,116614,2658.9,188.007,1.24363,0.995867,0.999107,0.957367,0.843919,1
225,110856,1545.06,116.151,0.736985,0.980335,0.997966,1.0212,1.05368,1
226,120885,1594.27,113.734,0.732979,1.01065,0.996752,0.967649,0.99803,1
227,119520,2492.87,181.181,1.15799,1.01425,1.0053,0.988772,0.807374,1
228,117677,1638.91,120.121,0.760702,1.00047,0.994663,0.995107,0.88041,1
229,111759,1695.02,125.615,0.806827,0.983266,0.99953,1.00596,1.12707,1
230,113410,2795.19,205.964,1.31342,0.981712,0.989821,0.998607,0.745523,1
231,128122,2119.91,151.209,0.946037,1.03078,0.989611,0.968728,0.522068,1
232,112753,2702.41,201.575,1.28468,0.990616,1.0034,1.0144,1.24456,1
233,112278,2555.11,181.706,1.23239,0.995955,1.02047,0.965659,1.19701,1
234,109467,2534.12,171.946,1.22486,0.969895,1.00627,0.914077,0.9594,1
235,110622,2007.44,148.363,0.96256,0.981677,1.00372,1.00335,1.36488,1
236,109162,2846.86,210.696,1.38173,0.983082,1.01319,1.00624,1.11824,1
237,123063,2123.48,156.938,0.953356,1.00555,0.974545,1.00234,1.0944,1
238,114204,1474.3,106.27,0.698956,0.994342,1.0063,0.977995,1.32542,1
239,121614,2843.57,208.953,1.28495,1.00123,0.976457,0.996002,1.10727,1
240,118603,2496.21,181.28,1.16308,1.0105,1.0049,0.987509,1.00749,1
241,112484,2153.12,157.944,1.02608,0.988815,1.00494,0.996105,1.20951,1
242,107507,2287.77,166.77,1.11698,0.973894,1.01176,0.988674,0.967061,1
243,119924,2380.84,173.211,1.10166,1.01316,1.00175,0.989312,1.35373,1
244,116409,2307.69,168.113,1.07482,0.993727,0.992796,0.987773,1.05196,1
245,114291,1954.31,140.684,0.928038,0.996621,1.00914,0.977191,1.18447,1
246,121378,1457.45,108.396,0.667031,1.01505,0.993928,1.01241,1.34556,1
247,122419,2464.2,181.551,1.12348,1.0173,0.993415,1.00238,1.10427,1
248,111378,1504.76,108.299,0.72024,0.982183,1.00453,0.974984,0.96522,1
249,119277,1575.13,115.624,0.72602,1.00521,0.992975,0.997041,1.25567,1
250,122268,2413.41,172.419,1.11222,1.02394,1.00744,0.971761,1.20387,1
251,115375,2054.97,154.004,0.960842,0.993862,0.993746,1.01868,0.614674,1
252,113855,2494.23,189.237,1.17229,0.98943,0.993453,1.03197,1.14611,1
253,115339,2238.1,173.53,1.06208,1.01462,1.01643,1.06209,1.25432,1
254,117021,2605.24,190.585,1.22112,1.00586,1.00541,0.99496,0.740017,1
255,120974,3010.12,220.322,1.37561,1.00822,0.989277,0.993976,0.95857,1
256,109897,1731.5,125.46,0.826076,0.968054,0.991812,0.979349,1.07835,1
257,112452,2501.38,184.642,1.20215,0.998504,1.01736,1.00534,0.814008,1
258,115306,2524.11,194.029,1.18858,1.00463,1.00454,1.04972,0.390759,1
259,106382,1791.99,133.154,0.880152,0.973558,1.01447,1.00963,1.01933,1
260,109546,1849.08,141.007,0.889178,0.980508,1.00281,1.03784,0.907479,1
261,114794,2696.82,200.402,1.26602,0.992535,0.996192,1.00961,0.891625,1
262,127606,2238,173.048,1.00612,1.047,1.00047,1.06043,0.885632,1
263,106683,2043.4,157.984,0.993084,0.970561,1.00218,1.05244,1.00643,1
264,117018,1740.46,131.517,0.8111,1.00407,0.997983,1.02939,1.0989,1
265,115561,2232.35,168.826,1.04566,0.998525,0.997656,1.02977,1.30693,1
266,112883,1917.33,141.065,0.91933,0.998952,1.01624,1.00159,0.700993,1
267,111604,2090.3,154.369,1.00204,0.989086,1.00885,1.00386,1.13221,1
268,116224,2611.77,186.477,1.2343,1.0054,1.01243,0.969878,0.608256,1
269,117356,2340.01,171.381,1.08373,0.995564,0.98979,0.993346,0.823998,1
270,114480,1864.62,132.479,0.873244,0.98153,0.989696,0.959819,1.20627,1
271,109713,2036.63,155.193,0.977391,0.979614,1.00081,1.03669,0.722366,1
272,127666,3225.3,238.397,1.45035,1.04114,0.999682,1.0092,1.31427,1
273,111810,1723.14,127.502,0.820383,0.983667,1.00006,1.00437,0.434558,1
274,119303,1973.2,144.021,0.9173,1.01401,1.00541,0.993249,0.852452,1
275,114759,2816.76,209.029,1.33032,0.998569,1.00473,1.00974,1.27081,1
276,110477,2623.12,194.992,1.26625,0.988468,1.01291,1.01152,0.700624,1
277,118186,1806.09,129.453,0.848483,1.01457,1.01436,0.974967,0.806184,1
278,112051,1582.73,114.8,0.75187,0.980531,0.997593,0.982298,1.25388,1
279,123657,3083.94,231.279,1.39369,1.01923,0.987424,1.02144,0.945978,1
280,125562,2443.44,181.594,1.1003,1.02797,0.99143,1.01274,0.998231,1
281,105979,2608.09,192.093,1.2824,0.970251,1.01345,0.999698,1.12604,1
282,109131,1786.66,133.138,0.868707,0.985627,1.01581,1.01414,0.609155,1
283,107841,2149.37,156.976,1.02789,0.955489,0.984028,0.985761,0.717415,1
284,112853,1639.18,126.336,0.768964,0.981897,0.985773,1.04797,0.70578,1
285,118465,2512.14,187.077,1.15972,1.00279,0.991471,1.0124,1.6673,1
286,113841,2886.12,213.462,1.36695,0.994005,1.00375,1.00553,1.18115,1
287,113830,1885.1,140.28,0.893431,0.995446,1.00481,1.01235,0.933425,1
288,110487,1970.28,147.341,0.949036,0.987033,1.00994,1.01752,1.20046,1
289,120602,2193.28,160.1,1.01254,1.01622,1.00203,0.993218,0.52,1
290,107739,2320.05,175.917,1.11805,0.967567,0.995463,1.02932,0.822956,1
291,122943,2136.77,156.53,0.979502,1.02649,1.00386,0.998288,0.846635,1
292,119590,2151.74,159.871,0.993045,1.01066,0.99683,1.01126,1.1004,1
293,125877,2260.39,166.422,1.02461,1.03645,1.0024,1.00462,1.12591,1
294,118871,2399.8,175.466,1.11121,1.00662,0.997413,0.993533,0.859223,1
295,120947,2639.21,193.597,1.20838,1.01039,0.991928,0.996802,1.0326,1
296,117248,1983.91,147.396,0.9205,0.998693,0.992304,1.00946,1.08057,1
297,122381,2585.56,187.545,1.16969,1.00632,0.981531,0.983153,1.08702,1
298,117533,2148.71,157.177,0.995338,0.996958,0.990976,0.992273,1.11702,1
299,112264,1939.36,136.057,0.924328,0.981326,1.00255,0.948176,1.15082,1
300,116206,1892.53,139.198,0.895084,1.01014,1.0144,1.00219,0.813801,1
301,122754,2336.97,173.696,1.05542,1.01055,0.981651,1.00988,0.520996,1
302,113517,2366.38,181.694,1.12012,0.996095,1.00229,1.04721,1.08226,1
303,128892,1509.88,107.482,0.676916,1.04136,1.00005,0.968817,0.869127,1
304,123505,1477.48,112.602,0.672961,1.02916,0.998579,1.04168,1.03626,1
305,123627,1673.24,122.542,0.758606,1.0192,0.991166,0.995753,1.22837,1
306,112030,1741.38,133.901,0.835043,0.99851,1.01306,1.05036,1.15302,1
307,109618,2139.17,164.178,1.01845,0.971562,0.989038,1.04257,1.12376,1
308,115824,2135.19,159.233,1.00784,1.0069,1.00983,1.0165,1.23322,1
309,111679,2248.38,166.643,1.07073,0.983166,0.999789,1.00617,1.10802,1
310,114112,1623.21,119.177,0.761241,0.984518,0.990648,0.99493,1.02932,1
311,108456,2628.96,199.892,1.26369,0.971029,0.995978,1.03288,1.05967,1
312,117330,2251.91,163.916,1.03888,0.990373,0.983905,0.985547,0.730365,1
313,117091,2210.65,153.923,1.04276,1.00672,1.01355,0.944113,1.09515,1
314,115904,2413.18,177.345,1.13073,0.997521,0.999069,0.998309,1.07355,1
315,117752,2353.81,171.1,1.08591,0.993382,0.98608,0.984653,0.81743,1
316,102193,2273.47,171.043,1.13147,0.95443,1.00903,1.0209,0.93057,1
317,95286.5,2107.14,154.996,1.06992,0.913652,0.994339,0.990746,0.686152,1
318,114777,2482.81,181.014,1.15762,0.982543,0.985707,0.986736,1.03696,1
319,127205,2233.37,157.931,1.00234,1.02936,0.993151,0.959998,0.896467,1
320,107485,2023.39,157.578,0.972088,0.966129,0.99044,1.05891,0.995911,1
321,113953,2398.58,177.129,1.1347,0.993381,1.00257,1.00357,1.13535,1
322,119848,2252.63,170.504,1.03219,1.00739,0.988359,1.03052,0.904081,1
323,107630,1764.7,135.445,0.858962,0.978774,1.00967,1.04581,0.810796,1
324,117879,2465.73,176.38,1.17001,1.02309,1.02755,0.975257,1.31058,1
325,124633,1315.62,95.8851,0.590745,1.01522,0.982071,0.989063,1.0131,1
326,116312,1872.29,143.619,0.868675,0.996021,0.988286,1.04434,0.903918,1
327,102917,2204.73,151.531,1.1016,0.952727,1.01634,0.926263,1.00839,1
328,112671,2182.86,154.262,1.0403,0.985362,1.00489,0.956359,0.941515,1
329,114965,1643.8,122.523,0.780149,1.00608,1.01315,1.01617,0.7924,1
330,118470,3303,247.503,1.52316,1.00256,0.990162,1.01919,0.881075,1
331,124602,3095.96,222.517,1.4041,1.02426,0.99604,0.976949,0.914132,1
332,114783,2626.99,190.418,1.24346,0.997928,1.00736,0.984544,1.1179,1
333,111506,2299.39,171.534,1.1023,0.989735,1.00867,1.01499,0.990077,1
334,106873,2514.76,186.825,1.22935,0.97265,1.01052,1.00899,1.32911,1
335,123882,2208.18,164.044,1.00966,1.03266,1.00537,1.0144,0.787016,1
336,118099,2125.57,154.2,0.990189,1.00627,1.0019,0.985568,0.951734,1
337,116906,1652.88,118.282,0.774627,1.00181,1.00388,0.970834,0.738511,1
338,135033,2278.57,174.003,0.986065,1.05458,0.979608,1.0444,1.09948,1
339,125053,2280.13,157.603,1.02951,1.01738,0.990649,0.935254,1.08093,1
340,124960,2092.59,150.704,0.956739,1.03631,1.00977,0.981702,0.893618,1
341,111082,1793.26,133.923,0.863509,0.991269,1.01283,1.01678,1.09358,1
342,127473,3167.84,226.428,1.43727,1.04527,1.01087,0.974905,1.10074,1
343,116269,1603.54,120.288,0.749349,1.00027,0.997752,1.02083,1.37149,1
344,117305,3006.97,218.503,1.4008,1.00047,0.997798,0.986422,1.0237,1
345,127720,2022.57,146.211,0.917592,1.04857,1.01234,0.987243,1.15513,1
346,120117,1942.15,152.689,0.895433,1.02181,1.00001,1.07697,0.989043,1
347,115580,2480.05,185.611,1.17273,1.00749,1.01128,1.02071,0.85635,1
348,121910,2742.7,203.481,1.25174,1.01563,0.992538,1.00974,1.22551,1
349,113331,2419.54,175.661,1.14828,0.989633,1.00328,0.984931,0.866955,1
350,115897,2437.93,182.295,1.13767,0.995472,0.993657,1.01642,1.54573,1
351,116022,1972.86,142.985,0.922299,0.994064,0.99595,0.982643,1.03812,1
352,112827,2257.11,160.041,1.07238,0.983756,1.0014,0.959276,0.961127,1
353,115739,1923.41,148.209,0.900668,1.00224,0.99876,1.05143,0.835201,1
354,107178,2461.3,176.583,1.19968,0.967404,1.00693,0.970629,0.694249,1
355,104602,1826.89,133.653,0.898123,0.957937,1.00483,0.990141,1.00865,1
356,117758,2218.81,162.834,1.02799,0.999302,0.992512,0.996201,0.842214,1
357,122127,2155.13,161.708,0.982913,1.01808,0.992989,1.02244,0.761412,1
358,108078,1801.02,133.928,0.877734,0.979287,1.01305,1.01088,0.826911,1
359,110370,965.762,69.1519,0.461041,0.970832,0.994967,0.967407,0.818521,1
360,119232,2932.48,216.169,1.36193,1.01382,1.00397,1.00392,1.06763,1
361,121842,2019.68,152.306,0.927887,1.0248,1.00239,1.02983,0.806164,1
362,116075,2359.42,177.848,1.10969,1.00646,1.00628,1.02794,0.90196,1
363,119842,2988.26,223.111,1.37728,1.01183,0.996402,1.01683,0.923932,1
364,123745,2488.47,178.623,1.13829,1.02731,1.00419,0.976715,1.16747,1
365,129690,1289.61,98.1193,0.564446,1.02918,0.970949,1.03639,0.710068,1
366,109388,2193.79,158.097,1.05568,0.972293,1.00118,0.975128,0.803651,1
367,125495,2012.7,155.25,0.898808,1.02351,0.980133,1.05257,1.10725,1
368,119622,1367.32,96.6446,0.638182,1.01652,1.01196,0.960248,0.998278,1
369,109482,2136.93,164.385,1.0214,0.974908,0.993996,1.04614,1.10321,1
370,110683,2501.08,183.482,1.20609,0.987186,1.01212,0.996893,0.922144,1
371,110849,2811.63,217.871,1.34256,0.985747,1.0005,1.05651,0.969129,1
372,125146,1929.81,138.23,0.876935,1.03,1.0015,0.974393,1.01104,1
373,122647,2484.87,186.256,1.12668,1.01532,0.987095,1.02034,0.877882,1
374,124583,2165.32,163.673,0.987025,1.03695,1.00498,1.03407,1.41726,1
375,116427,2659.05,199.855,1.25158,1.00965,1.00925,1.02544,0.902958,1
376,117245,1976.13,144.189,0.925973,1.0069,1.00608,0.992271,0.960504,1
377,105112,1992.87,156.697,0.969149,0.960952,0.99452,1.07003,1.38036,1
378,108880,1665.7,121.188,0.800323,0.967923,0.996369,0.98421,1.02385,1
379,128167,2199.82,164.135,0.98135,1.037,0.990686,1.0179,1.00576,1
380,123353,1619.42,119.85,0.730969,1.01374,0.983708,1.00569,1.0963,1
381,115758,2917.87,213.136,1.36775,0.996011,0.998694,0.991648,1.1008,1
382,121777,1903.56,137.243,0.870035,1.01227,0.993081,0.978561,0.88297,1
383,126088,2002.6,144.325,0.907927,1.03523,1.00305,0.981571,0.474767,1
384,103221,1905.76,141.268,0.954825,0.967796,1.02454,1.0076,1.00129,1
385,102198,1866.71,138.122,0.925721,0.948626,1.00339,1.00134,0.878296,1
386,115685,2120.96,156.945,0.998289,1.00165,1.00466,1.00681,1.10795,1
387,126060,2783.95,209.804,1.25137,1.03161,0.991713,1.02863,1.03841,1
388,109461,1652.26,125.155,0.795553,0.980221,1.00396,1.03037,0.878475,1
389,117507,2561,178.925,1.20479,1.00745,1.01196,0.947535,1.10344,1
390,110196,2339.96,177.862,1.13163,0.991278,1.01472,1.03676,1.20544,1
391,121400,2288.24,163.037,1.05125,1.01355,0.998303,0.966873,1.23108,1
392,120481,1741.4,126.636,0.801744,1.01176,0.997285,0.988126,1.02156,1
393,119190,1577.12,118.689,0.734093,1.01885,1.00765,1.0275,0.804821,1
394,106297,1865.1,136.501,0.91192,0.96613,1.00691,0.991585,0.808836,1
395,110269,2432.98,171.814,1.16738,0.973584,1.00134,0.954142,0.85331,1
396,123625,1999.2,145.661,0.909679,1.02253,0.996295,0.991166,0.87457,1
397,113290,2224.89,167.204,1.05432,0.992446,1.00195,1.02262,1.15076,1
398,117949,2932.64,220.66,1.35906,1.00453,0.994683,1.02445,0.564645,1
399,108183,2022.47,143.476,0.9843,0.972424,1.01018,0.959644,1.05363,1
400,118960,1759.68,132.531,0.824606,1.02472,1.01645,1.03005,1.26974,1
401,114082,1315.61,95.9997,0.622879,0.993589,1.00405,0.990709,1.19506,1
402,115810,2172.67,158.186,1.01668,0.994089,0.996348,0.98758,1.04368,1
403,114730,2671.42,200.708,1.25604,0.995229,0.998431,1.02226,1.33603,1
404,115375,2145.75,160.703,1.0105,1.0015,1.00414,1.01998,1.28379,1
405,112524,2034.94,152.477,0.957704,0.978798,0.987754,1.01627,1.05354,1
406,119039,2098.64,151.652,0.977533,1.0128,1.00659,0.982575,0.79579,1
407,112803,2164.39,162.247,1.03618,0.999254,1.01413,1.02194,1.08049,1
408,114899,1997.21,154.296,0.937879,0.999174,0.998431,1.05406,1.03896,1
409,113731,1597.78,120.337,0.74939,0.98519,0.989505,1.02276,0.875632,1
410,114057,2363.23,175.897,1.13124,1.0081,1.02077,1.01579,1.10986,1
411,118586,2125.43,150.407,0.993663,1.01057,1.00894,0.960635,1.14053,1
412,118831,2759.44,202.972,1.27057,1.00103,0.989251,0.998533,1.12704,1
413,122071,1986.15,146.278,0.906519,1.01585,0.993202,1.00176,1.01257,1
414,125644,1672.42,116.832,0.753205,1.02024,0.99017,0.946196,1.41528,1
415,109001,1754.5,125.657,0.849761,0.975137,1.00812,0.969588,0.91455,1
416,115065,1396.3,96.8998,0.662159,0.996371,1.01027,0.939315,0.885766,1
417,112852,1471.59,108.674,0.700702,0.991699,1.00594,1.00367,0.922756,1
418,109568,1741.48,125.603,0.842122,0.978923,1.00927,0.977471,1.03737,1
419,124527,3633.33,261.513,1.63915,1.01803,0.988063,0.977021,1.08253,1
420,118807,1892.7,139.141,0.879827,1.01115,1.00293,1.00042,0.980752,1
421,127807,1358.66,100.865,0.609925,1.0408,0.997961,1.01354,0.72346,1
422,120388,1909.2,135.871,0.876244,1.0047,0.99161,0.963995,1.0263,1
423,123842,2761.54,205.706,1.2608,1.03108,1.00307,1.017,1.00536,1
424,106998,2094.61,157.728,1.02134,0.972833,1.00794,1.02356,1.14465,1
425,122057,1865.34,137.597,0.847448,1.01086,0.986473,1.00217,1.33289,1
426,116085,1160.62,82.9426,0.545974,0.999377,1.0049,0.969243,0.733944,1
427,119811,1655.22,121.831,0.761156,1.00707,0.992451,1.00009,1.05307,1
428,120031,2111.16,149.57,0.972839,1.00583,0.995469,0.959883,0.646675,1
429,112551,1886.99,133.328,0.904626,0.990705,1.01284,0.957503,0.990904,1
430,116225,2301.34,172.957,1.06684,0.991575,0.985998,1.0207,0.75384,1
431,108520,1742.35,127.673,0.834891,0.963251,0.990699,0.990764,0.942045,1
432,131174,1851.21,136.839,0.822054,1.05225,0.998246,1.01007,1.11248,1
433,111683,2704.04,201.265,1.29117,0.986629,1.00384,1.0117,0.595082,1
434,114630,2185.7,163.944,1.0232,0.989557,0.99153,1.01897,1.16212,1
435,120482,2255.81,166.564,1.04143,1.01693,1.0018,1.00569,0.461474,1
436,130804,2503.88,174.659,1.11836,1.04825,1.00325,0.948943,0.694514,1
437,117161,2046.68,152.18,0.954314,1.00348,0.999018,1.0116,0.975024,1
438,114645,2063.24,151.941,0.974987,0.997193,1.00465,1.00111,1.14242,1
439,112203,2554.14,187.029,1.22432,0.992618,1.01186,0.995423,0.886648,1
440,122956,1630.08,114.469,0.748405,1.02256,1.0049,0.953363,0.962929,1
441,107538,1712.35,125.809,0.841649,0.982223,1.02198,0.999039,0.94846,1
442,119361,1945.16,140.574,0.908828,1.01868,1.01282,0.983943,0.791511,1
443,103575,980.51,75.331,0.482189,0.956535,1.00074,1.04353,0.966166,1
444,124838,1961.66,145.145,0.88963,1.02997,0.998028,1.00882,0.987353,1
445,123244,1863.51,142.241,0.844741,1.02209,0.990316,1.0417,0.91619,1
446,117904,2425.89,173.704,1.12559,0.998685,0.99468,0.970222,1.03644,1
447,119630,2021.49,150.491,0.924892,1.00177,0.984555,1.01107,1.16832,1
448,106210,2608.26,192.86,1.25223,0.948287,0.980764,0.99808,1.30661,1
449,114098,2993.18,225.478,1.42067,1.00088,1.00887,1.02708,1.27684,1
450,116968,2122.96,154.574,0.994954,1.00467,1.00479,0.989634,1.33371,1
451,106848,1947.9,149.925,0.957247,0.982872,1.01922,1.0506,0.988567,1
452,108561,1768.05,129.194,0.857518,0.975737,1.00824,0.990963,0.711814,1
453,107042,2418.76,178.042,1.18341,0.973634,1.01242,0.99923,1.01751,1
454,119563,2475.41,180.55,1.14951,1.01471,1.00517,0.992604,1.31949,1
455,106766,2141.32,163.865,1.03123,0.960421,0.989252,1.03818,0.95193,1
456,114856,1689.89,122.29,0.802824,1.00222,1.01305,0.983728,0.868296,1
457,112940,2700.03,202.151,1.27295,0.983776,0.992536,1.01655,1.09184,1
458,118174,2054.78,148.802,0.947704,0.995757,0.987774,0.981031,0.792589,1
459,120349,2307.75,170.5,1.0548,1.00501,0.986577,1.00335,1.15388,1
460,119963,1806.65,128.765,0.841504,1.01797,1.011,0.969004,0.985214,1
461,118139,2252.81,164.17,1.02899,0.985958,0.973923,0.985199,0.947994,1
462,124185,2033.14,147.441,0.92216,1.02245,0.994297,0.985917,0.736585,1
463,122105,2063.69,152.271,0.948823,1.02453,1.00415,1.00595,1.11661,1
464,114250,1734.87,128.774,0.82014,0.995627,1.00331,1.00938,1.06059,1
465,110776,2362.8,171.339,1.13953,0.986475,1.01243,0.984392,0.825556,1
466,118244,1818.49,133.284,0.846322,1.00772,1.00157,0.996658,0.98841,1
467,125169,2705.16,193.77,1.22805,1.02907,1.00018,0.974254,0.961875,1
468,119820,2571.77,189.888,1.17323,0.998914,0.981122,1.00147,1.10975,1
469,116900,2079.31,155.381,0.978327,1.01207,1.01104,1.01941,0.499431,1
470,114856,2048.9,149.639,0.953767,0.981662,0.983859,0.988244,1.15242,1
471,125091,2264.87,158.995,1.02592,1.02328,0.995952,0.952187,1.38158,1
472,111102,2808.1,198.095,1.34345,0.976953,1.00177,0.953485,1.07408,1
473,111337,1528.05,111.381,0.743565,1.00128,1.029,0.993151,0.41277,1
474,122900,1680.3,125.18,0.766602,1.0232,0.997174,1.0155,0.989089,1
475,117970,1575.2,114.342,0.729412,0.998819,0.992502,0.984334,0.804881,1
476,121319,2301.73,169.608,1.06381,1.02424,1.00773,1.00491,0.931888,1
477,114302,1688.86,124.349,0.797634,0.993899,1.00196,1.00024,0.946726,1
478,113735,1882.86,133.739,0.886481,0.981386,0.993295,0.95993,1.0491,1
479,113393,1754.34,126.845,0.832261,0.989138,1.00291,0.980388,1.10495,1
480,118133,1291.29,99.274,0.597952,1.00813,0.99516,1.04894,0.991019,1
481,118090,2126.79,155.102,0.985908,1.00156,0.994868,0.989915,0.867467,1
482,107881,2093.55,149.341,1.02129,0.973162,1.01201,0.965681,1.12273,1
483,127289,2259.04,172.291,1.00381,1.02933,0.981351,1.04048,0.631552,1
484,115107,2677.98,188.872,1.26406,0.993802,1.00423,0.955091,0.893434,1
485,121777,2382.96,173.372,1.08897,1.01334,0.993135,0.988382,1.13521,1
486,112343,2834.33,212.735,1.34582,0.987033,0.999645,1.0205,0.806784,1
487,114993,1777.49,132.398,0.842336,1.00457,1.01108,1.01503,0.765119,1
488,117300,2186.56,164.775,1.01567,1.0023,0.994659,1.02581,0.745611,1
489,120212,2380.43,178.812,1.08201,1.00028,0.978414,1.02014,0.904827,1
490,118587,2562.76,183.498,1.17814,0.993849,0.984924,0.968642,0.788153,1
491,108125,2323.25,169.255,1.11647,0.962358,0.992452,0.984743,0.994061,1
492,119029,1969.08,147.613,0.910343,1.00958,0.996725,1.02097,1.07308,1
493,113482,1295.1,91.592,0.618301,0.993686,1.01195,0.958596,0.997441,1
494,118668,2164.29,156.732,1.00018,1.00162,0.993186,0.982237,0.920768,1
495,115714,2015.26,148.299,0.945482,0.997607,0.999931,0.999808,1.0146,1
496,112246,1714.83,124.089,0.812797,0.979375,0.995366,0.97945,0.748977,1
497,118074,1960.82,142.561,0.900206,0.990593,0.980771,0.983926,1.43426,1
498,108097,1518.11,115.788,0.724875,0.961732,0.984488,1.03392,0.71633,1
499,112320,2087.52,152.551,0.994325,0.986481,1.00319,0.991573,1.05035,1
500,108071,1939.11,140.964,0.937459,0.967788,1.00063,0.983824,0.880648,1
501,123951,2336.52,171.135,1.05135,1.01325,0.981881,0.994255,1.22503,1
502,115943,2283,165.006,1.07088,0.996715,1.00033,0.980502,0.568213,1
503,115492,2912.95,206.794,1.36377,0.988858,0.994657,0.960379,1.13668,1
504,119683,2725.43,198.778,1.25826,1.0092,0.997282,0.991138,1.18384,1
505,118403,2714.23,190.077,1.25538,0.996113,0.992073,0.946711,1.13862,1
506,108034,1808.12,133.057,0.871306,0.965777,0.99614,0.996222,0.718029,1
507,113226,2305.8,174.404,1.08999,0.99024,0.998255,1.02915,0.70715,1
508,108279,1565.04,121.018,0.756181,0.977342,1.00294,1.05333,1.19341,1
509,124735,2271.85,166.79,1.00869,1.00462,0.966724,0.994146,1.07504,1
510,117457,1689.42,127.488,0.783343,1.00175,0.992925,1.02705,0.887747,1
511,106097,1440.75,103.602,0.710425,0.970926,1.01746,0.974406,1.24984,1
512,119697,2707.81,185.441,1.25786,1.00775,1.00447,0.926605,1.10937,1
513,117438,1897.53,136.284,0.898051,1.01724,1.02135,0.97817,0.82106,1
514,111743,2627.35,197.006,1.25808,0.991119,1.00851,1.02083,1.22021,1
515,108268,1795.24,131.657,0.878326,0.983043,1.01941,0.996852,1.2689,1
516,117567,2868.65,214.08,1.33652,1.00628,1.00018,1.01617,0.719427,1
517,122507,3007.03,227.372,1.37038,1.02119,0.994069,1.03159,0.843182,1
518,122206,2196.85,161.016,0.994421,1.00708,0.981783,0.99435,1.09482,1
519,115126,2496.87,185.047,1.16359,0.986887,0.987319,1.00505,1.59003,1
520,117190,3182.21,233.949,1.49086,1.00737,1.00582,1.00061,0.892564,1
521,118034,2166.28,159.241,1.00156,0.999362,0.990996,0.997805,0.998158,1
522,108903,2357.18,178.262,1.1311,0.972024,0.995846,1.02686,0.958567,1
523,115403,2722.96,195.334,1.27433,0.98913,0.993923,0.971188,1.40032,1
524,116631,2493.83,181.177,1.16589,0.999117,0.999349,0.986157,0.626351,1
525,108548,2231.73,170.026,1.08519,0.984101,1.01329,1.03844,1.08611,1
526,124692,1706.31,123.24,0.774594,1.02662,0.997983,0.982411,0.745555,1
527,114740,1525.11,111.178,0.720809,0.996705,1.00507,0.990096,1.17246,1
528,117585,2896.51,207.856,1.3464,0.998543,0.99572,0.972692,1.2365,1
529,105456,1652.43,122.379,0.807018,0.959747,1.00072,1.00307,1.32279,1
530,104087,1464.5,109.415,0.728359,0.968431,1.01924,1.01564,1.04626,1
531,119213,1702.83,129.053,0.79273,1.02021,1.00824,1.0356,0.881089,1
532,109904,1326.59,99.0016,0.636053,0.977234,0.999861,1.01302,0.931946,1
533,115599,2198.42,157.217,1.0285,0.989839,0.994365,0.967975,0.404447,1
534,127138,2342.76,169.325,1.04941,1.02966,0.990656,0.982688,1.02679,1
535,112546,2394.74,176.147,1.13354,0.982505,0.995586,0.997388,0.870116,1
536,111169,2447.12,179.942,1.16852,0.980941,1.00062,0.997469,0.801612,1
537,114411,1680.33,124.446,0.792763,0.994408,1.00119,1.00655,0.912358,1
538,118091,2122.45,156.724,0.992123,1.01241,1.00743,1.00592,1.00013,1
539,117017,2467.61,184.601,1.15166,1.00427,0.999824,1.01856,0.971775,1
540,129195,2320.93,173.124,1.04412,1.05423,1.00819,1.0215,0.94947,1
541,116133,1794.41,129.666,0.835168,0.989765,0.990064,0.978384,0.824927,1
542,125225,1392.5,100.768,0.632144,1.03085,1.00074,0.98518,0.883274,1
543,110526,2266.97,173.594,1.07894,0.978031,0.993551,1.04123,0.986818,1
544,116642,2475.42,186.445,1.16057,1.00729,1.00468,1.02697,0.86986,1
545,117169,2193.87,156.612,1.01728,0.992013,0.989803,0.965803,0.974745,1
546,117531,1596.36,119.54,0.747487,1.01193,1.00739,1.02122,0.961483,1
547,117411,2109.08,160.662,0.979903,1.00494,0.995922,1.03834,0.700504,1
548,121646,2376.83,164.483,1.09107,1.01067,0.997544,0.936577,0.777197,1
549,108631,2471.39,178.565,1.18919,0.966598,0.996909,0.976892,1.04658,1
550,116317,1358.97,96.8649,0.637542,0.997871,1.0021,0.966078,0.977238,1
551,115531,2341.31,166.917,1.10659,0.999905,1.00874,0.967327,0.851033,1
552,117877,2101.4,155.524,0.981139,1.0098,1.00465,1.00782,0.856901,1
553,109973,2186.7,163.821,1.04884,0.978737,1.00095,1.01766,1.19603,1
554,125256,1979.81,148.163,0.900177,1.03764,1.00431,1.02288,0.913979,1
555,119585,2281.63,167.486,1.05604,1.01212,1.00066,0.998709,0.842739,1
556,104311,2502.94,182.3,1.23573,0.959359,1.00915,0.986112,1.07477,1
557,116190,2444.03,184.744,1.13825,0.997094,0.992674,1.02851,0.743066,1
558,113231,1832.48,140.711,0.864986,0.990861,0.996643,1.046,1.13166,1
559,108513,1862.52,138.687,0.90693,0.98209,1.01437,1.0128,1.01846,1
560,113817,1836.75,133.381,0.870678,0.992198,1.00424,0.985471,0.828209,1
561,121246,2227.78,165.995,1.01119,1.00527,0.981373,1.01204,1.46594,1
562,112014,2357.85,167.144,1.13324,0.989633,1.01368,0.960956,0.950964,1
563,128792,2785.95,200.332,1.24902,1.04206,0.99991,0.97963,1.24004,1
564,110841,1971.41,144.474,0.939854,0.9762,0.996353,0.992806,0.922391,1
565,110255,2548.99,183.698,1.22873,0.981,1.00859,0.976875,1.15268,1
566,119667,1915.85,138.544,0.886058,1.00983,0.999479,0.982223,1.01135,1
567,115094,2277.87,168.323,1.06615,0.990862,0.993297,1.00292,0.806862,1
568,100588,2158.32,165.668,1.07859,0.948011,1.00584,1.0424,1.0685,1
569,111608,1831.05,123.515,0.8931,0.995879,1.03155,0.913203,1.16233,1
570,113367,2505.64,173.984,1.19433,0.988733,1.00847,0.939104,0.512664,1
571,112565,1536.11,115.88,0.721586,0.978076,0.985491,1.02337,0.93026,1
572,124335,1517.45,111.87,0.681167,1.0143,0.980512,1.00116,1.05161,1
573,107234,1879.76,140.555,0.906621,0.962476,0.993331,1.01299,1.09428,1
574,111907,2130.82,156.726,1.01336,0.982463,0.998834,0.997665,0.925883,1
575,122269,1221.91,85.5137,0.560642,1.01623,1.00032,0.948712,1.10739,1
576,115940,1792.85,136.218,0.830932,0.990685,0.984485,1.03253,0.97058,1
577,113622,1925.59,144.83,0.920814,1.00499,1.01715,1.02658,1.22016,1
578,110570,1171.71,85.681,0.554516,0.966162,0.984299,0.988042,0.946485,1
579,115554,2617.03,190.318,1.22673,0.99383,0.997451,0.986503,0.972888,1
580,111518,1932.11,137.855,0.916252,0.972413,0.991706,0.963575,1.03133,1
581,110809,1970.84,150.08,0.943623,0.985766,1.0036,1.03689,0.743802,1
582,116336,2671.51,192.692,1.25919,1.00474,1.00946,0.980213,1.18768,1
583,123174,1793.84,133.347,0.819771,1.02682,1.00096,1.01392,0.757921,1
584,118268,1870.34,132.786,0.870755,1.00398,1.00123,0.962485,1.08337,1
585,116642,1940.01,140.725,0.907865,1.00003,1.00076,0.984687,0.885877,1
586,110709,2303.45,178.183,1.10568,0.989926,1.00728,1.05569,1.11257,1
587,114445,1966.2,136.11,0.923984,0.981562,0.993702,0.933687,0.957741,1
588,115542,3001.97,210.328,1.40137,0.98445,0.990385,0.945961,0.955059,1
589,118258,2495.27,180.233,1.15241,0.997497,0.990075,0.978766,0.780497,1
590,109583,2192.29,161.445,1.0487,0.970519,0.994365,0.99731,1.0854,1
591,112314,2225.56,161.021,1.07254,0.99763,1.01997,0.983893,0.814258,1
592,113936,2185.79,165.447,1.0209,0.98307,0.984796,1.02762,0.443992,1
593,106351,2399.59,172.115,1.18751,0.976495,1.02424,0.973155,0.911522,1
594,111191,1985.27,148.267,0.946406,0.98146,0.998796,1.01421,1.27724,1
595,111399,2035.93,153.254,0.974688,0.988694,1.00638,1.02456,1.00725,1
596,115478,2009.13,146.048,0.939008,0.990014,0.992753,0.98506,0.925414,1
597,117201,1968.37,149.003,0.919792,1.00869,1.00298,1.03248,1.01981,1
598,105191,2444.83,187.383,1.20826,0.974581,1.01752,1.04482,1.06423,1
599,121206,2145.04,162.092,0.992359,1.02809,1.00943,1.03334,1.01056,1
600,111044,1827.15,130.712,0.882057,0.987832,1.01494,0.970389,0.885008,1
601,110263,1895.17,143.92,0.907176,0.980793,1.00008,1.03285,0.855087,1
602,109248,1764.11,135.114,0.851618,0.982829,1.0069,1.04348,0.949346,1
603,117923,2101.22,153.352,0.97506,1.00152,0.995507,0.990787,0.893118,1
604,117466,2439.07,176.587,1.14619,1.01072,1.01127,0.984963,0.993964,1
605,111242,2136.99,151.648,1.01654,0.972789,0.994454,0.958301,0.954699,1
606,116024,2558.1,186.594,1.19381,0.993089,0.993649,0.989213,1.05944,1
607,112022,2554.92,187.669,1.2182,0.985938,1.00319,0.997124,1.07318,1
608,117496,1979.55,147.316,0.917987,1.00023,0.992885,1.01149,0.861748,1
609,122808,1761.47,127.56,0.807713,1.02421,1.00324,0.985581,0.510153,1
610,111249,2765.03,204.699,1.3338,0.993316,1.01612,1.0079,1.24083,1
611,111040,2276.33,169.995,1.0989,0.993654,1.01633,1.01746,1.16157,1
612,114155,2056.32,143.92,0.975197,0.990444,1.00563,0.946955,1.20849,1
613,136135,2285.47,162.983,0.98614,1.04907,0.978321,0.969064,1.12275,1
614,107601,2027.36,143.663,0.979328,0.959914,0.996056,0.955778,0.886883,1
615,113777,1873.67,137.896,0.883756,0.988367,0.997192,0.998683,1.17065,1
616,120342,2391.29,175.376,1.10493,1.01587,1.00211,0.99828,1.35899,1
617,116850,2435.38,185.353,1.15019,1.0185,1.017,1.04134,1.02069,1
618,112408,1392.74,97.0114,0.668756,0.989436,1.01394,0.942803,0.883935,1
619,117895,2188.49,160.27,1.01929,1.00578,1.00082,0.995528,0.989791,1
620,107974,2095.82,151.96,1.01825,0.97182,1.00716,0.982199,0.772642,1
621,113500,2659.69,204.798,1.24543,0.984866,0.986673,1.04745,0.754238,1
622,124238,1378.81,95.229,0.640072,1.04263,1.02745,0.940772,1.04358,1
623,109201,2119.87,158.63,1.02224,0.978054,1.00429,1.01669,0.950127,1
624,117113,1857.06,135.122,0.856503,0.988398,0.982379,0.984714,0.961186,1
625,117610,2407.79,187.841,1.1157,1.00703,0.993876,1.06565,0.830637,1
626,126668,2071.83,153.363,0.944585,1.0498,1.01519,1.01338,0.43329,1
627,105795,2046.47,156.031,0.991993,0.9588,0.992863,1.03429,1.13646,1
628,119322,2128.17,155.155,0.994579,1.01988,1.01327,0.993533,1.43447,1
629,105739,1528.66,113.216,0.749129,0.965546,1.0073,1.0044,1.12623,1
630,114450,2283.92,175.667,1.07782,1.00037,1.00304,1.04972,1.17289,1
631,118456,1563.47,110.714,0.728977,1.00669,1.00431,0.96038,0.979492,1
632,113791,2672.52,192.604,1.26423,0.988781,1.00088,0.976802,1.273,1
633,116646,2035.52,150.841,0.955463,1.00632,1.0059,1.009,0.904846,1
634,109957,1505,115.519,0.731609,0.996278,1.0213,1.04905,0.946461,1
635,117252,1934.11,142.822,0.900638,1.00178,0.997362,1.00369,0.944142,1
636,108488,2266.1,162.029,1.08847,0.962271,0.993248,0.965054,0.807718,1
637,108226,2309.13,168.857,1.11154,0.96536,0.99551,0.989381,0.565991,1
638,110950,2377.98,184.628,1.11996,0.972379,0.981316,1.05495,1.04889,1
639,123036,2413.96,176.236,1.09698,1.01699,0.991493,0.992274,0.980636,1
640,118934,2536.93,185.632,1.17624,1.00864,0.999676,0.994823,1.01452,1
641,113650,1992.43,152.279,0.942688,0.995977,1.0022,1.04191,0.449525,1
642,118574,2514.04,180.475,1.17222,1.00948,1.00543,0.975182,0.997211,1
643,108146,2083.36,154.929,0.998666,0.962664,0.989569,1.0066,1.2537,1
644,124149,1918.28,142.585,0.873552,1.03014,1.00075,1.01416,0.924077,1
645,121478,2124.61,156.296,0.980832,1.02394,1.00683,1.00294,1.53075,1
646,124551,1779.38,129.971,0.806378,1.0252,0.995104,0.993974,0.984845,1
647,114995,2237.25,164.187,1.05184,0.993951,0.999029,0.996419,1.16372,1
648,115725,2366.74,176.925,1.11581,1.00518,1.00763,1.01874,1.00018,1
649,121821,2197.6,161.325,0.994397,1.00407,0.979377,0.995467,1.09951,1
650,113646,3185.49,228.61,1.49513,0.978832,0.988725,0.970135,1.26627,1
651,117246,2286.42,169.931,1.07197,1.01009,1.00751,1.01281,1.06897,1
652,119855,1940.01,138.772,0.905694,1.02019,1.01394,0.973374,0.793317,1
653,121786,2190.89,166.833,1.00134,1.02,0.99481,1.03938,0.812689,1
654,109271,2316.06,174.326,1.11073,0.973684,0.996946,1.02189,0.84972,1
655,120969,1719.06,119.838,0.786649,1.00311,0.989729,0.942353,1.02429,1
656,117740,1904.15,133.808,0.88224,0.99341,0.991192,0.949782,0.814241,1
657,119249,2019.05,154.453,0.928352,1.00816,0.990569,1.04279,1.12181,1
658,112881,2831.96,205.273,1.34268,0.984879,0.999347,0.982376,1.2271,1
659,110573,1425.63,105.406,0.67641,0.9703,0.988265,1.00083,1.26853,1
660,117788,1663.05,122.199,0.778008,1.01026,1.00682,1.00023,0.686635,1
661,122306,1707.04,123.941,0.78015,1.01708,0.995864,0.986803,1.09776,1
662,112583,1992.47,141.674,0.944368,0.979668,0.996665,0.961247,1.23953,1
663,104644,2798.33,213.625,1.38039,0.967605,1.01142,1.03894,0.711245,1
664,115043,1972.25,144.252,0.931412,0.998684,1.0057,0.993984,0.993169,1
665,121595,2951.71,207.487,1.35086,1.009,0.993343,0.951979,1.09192,1
666,112493,2287.42,168.453,1.0843,0.983774,0.997409,0.998991,0.908338,1
667,116847,2114.72,152.342,0.988378,0.999319,0.999822,0.977202,1.36663,1
668,106085,2082.44,157.661,1.015,0.965788,1.00222,1.02821,1.34288,1
669,136987,2386.87,178.601,1.03452,1.06716,0.990249,1.02419,0.63273,1
670,112446,2322.99,177.116,1.10493,0.991877,1.00321,1.03892,1.20647,1
671,112981,2130.78,160.057,1.0192,1.00001,1.01391,1.02428,1.17383,1
672,122353,2539.57,184.71,1.16339,1.02034,0.999655,0.98953,0.837416,1
673,122600,1126.05,80.9141,0.513476,1.01537,0.993781,0.975337,1.10642,1
674,112515,1785.8,133.764,0.851907,0.993035,1.00727,1.01961,1.39099,1
675,113882,1675.94,122.051,0.793086,0.991243,1.00218,0.988176,1.16582,1
676,117924,2541.08,184.822,1.17478,0.997034,0.990032,0.986117,1.18225,1
677,125785,2588.66,187.179,1.16262,1.02281,0.987858,0.982171,1.14816,1
678,105013,2050.7,146.591,1.00845,0.958565,1.00698,0.965928,1.12818,1
679,112488,2368.78,171.346,1.11704,0.975863,0.989382,0.978117,1.12676,1
680,121133,2011.5,144.993,0.931693,1.02219,1.00925,0.981154,0.84793,1
681,109886,2403.88,172.975,1.15373,0.973275,1.00013,0.973539,1.05543,1
682,134139,2429.64,174.576,1.06458,1.05396,0.991767,0.979045,0.603499,1
683,116298,2042.67,146.302,0.963562,1.00435,1.01018,0.97274,1.23541,1
684,112174,2664.28,202.931,1.27407,0.995334,1.00951,1.03893,1.12949,1
685,119697,1841.3,133.984,0.845413,1.00295,0.989277,0.987007,0.961121,1
686,119921,2374.92,175.763,1.10006,1.01667,1.00381,1.00843,0.689569,1
687,116820,2735.95,197.097,1.27866,0.999074,0.999622,0.977255,0.923932,1
688,108276,2693.43,201.988,1.30299,0.97434,1.00375,1.01875,0.968738,1
689,120053,2390.92,181.853,1.10229,1.01638,0.998502,1.03816,1.48391,1
690,123503,2528.65,181.896,1.15148,1.02075,0.99644,0.977454,0.79252,1
691,122881,2667.22,192.016,1.23098,1.03128,1.01303,0.981243,1.04582,1
692,121315,2403.92,171.554,1.0954,1.00415,0.986079,0.966275,0.821865,1
693,109734,2241.51,173.801,1.06857,0.975279,0.991874,1.055,0.954586,1
694,112011,1772.97,131.787,0.847498,0.990146,1.00716,1.01083,0.957561,1
695,118842,2644.68,197.165,1.22741,1.01164,1.00123,1.01569,0.883226,1
696,119046,2447.08,176.799,1.13361,1.00682,0.998627,0.980932,1.0834,1
697,112779,1148.26,84.4184,0.547986,0.992928,1.00869,0.999234,1.06505,1
698,106275,1593.13,123.901,0.783555,0.980526,1.01739,1.06206,0.995518,1
699,114752,2127.56,155.135,1.0032,0.994341,1.00177,0.989826,0.748168,1
700,117711,2018.42,145.352,0.939456,1.00136,0.99835,0.976842,0.929342,1
701,109522,2040.35,150.436,0.976893,0.971127,0.99534,0.998756,1.05604,1
702,117005,1958.5,150.288,0.911209,1.00439,0.99602,1.04659,1.24429,1
703,113074,1781.11,131.005,0.844481,0.988356,1.00086,0.998443,0.780608,1
704,116785,2813.14,201.661,1.31269,0.996469,0.997037,0.971522,1.00506,1
705,119113,2641.27,196.794,1.21411,1.0031,0.988665,1.01268,0.757984,1
706,113359,1500.15,108.65,0.713469,0.991788,1.00643,0.982818,0.944864,1
707,116138,2048.88,159.112,0.950287,0.996121,0.987277,1.05835,1.10515,1
708,122925,2569.76,187.068,1.17506,1.0227,0.999924,0.990735,0.997754,1
709,114459,1714.91,131.188,0.804327,0.993023,0.993941,1.0416,0.655295,1
710,118486,2514.46,183.042,1.17443,1.0126,1.00792,0.990622,0.809292,1
711,114231,2119.56,159.898,1.00148,0.997214,1.003,1.02748,1.03657,1
712,119039,1647.68,125.305,0.762006,1.01207,0.997721,1.03737,0.843834,1
713,118037,1567.84,119.13,0.719893,0.99654,0.982058,1.03289,0.875091,1
714,108065,2063.92,155.509,1.00609,0.981251,1.01375,1.02574,0.9956,1
715,125830,1946.26,138.681,0.87104,1.01722,0.982566,0.965508,1.095,1
716,120169,2245.98,160.871,1.02994,1.00302,0.989467,0.970362,1.23169,1
717,125659,2877.64,218.348,1.29267,1.02895,0.989035,1.03568,1.02506,1
718,112974,2083.7,149.344,0.990028,0.986348,1.00258,0.970865,1.02695,1
719,115583,2520.46,188.453,1.17495,0.991935,0.99047,1.01561,1.09207,1
720,118562,2043.85,151.811,0.9418,1.00115,0.989222,1.00907,0.939056,1
721,113721,1144.94,85.6628,0.544384,0.998799,1.00908,1.01908,0.60831,1
722,110879,1625.27,120.246,0.779868,0.984606,1.00622,1.00504,1.0142,1
723,130233,2645.86,193.529,1.16891,1.03804,0.985869,0.995795,0.431522,1
724,125289,2928.6,203.033,1.34046,1.03492,1.01194,0.942378,0.825617,1
725,116091,2048.61,151.443,0.959175,0.99894,0.999139,1.00482,1.06404,1
726,115092,2770.26,201.346,1.2948,0.987128,0.990798,0.984503,1.12493,1
727,118274,1713.03,127.073,0.787075,0.995669,0.983513,1.00639,1.10642,1
728,116908,2146.13,153.304,0.999047,0.994325,0.994086,0.967188,0.731947,1
729,117155,1538.43,115.901,0.718923,1.00769,1.00263,1.02693,0.993743,1
730,108926,2773.94,192.259,1.33315,0.962369,0.995656,0.933473,1.05208,1
731,113498,1359.52,101.212,0.640448,0.98644,0.994213,1.01062,0.811529,1
732,117333,2142.24,154.792,0.997375,0.99925,0.996878,0.98007,1.12459,1
733,114673,2327.56,170.061,1.0981,0.994592,1.0022,0.992095,1.29844,1
734,118428,2426.94,173.937,1.12242,0.999252,0.992753,0.971015,0.924808,1
735,117146,2895.54,213.045,1.35332,1.00452,1.0021,1.00072,0.890266,1
736,109647,1836.41,133.568,0.877469,0.968189,0.992727,0.983522,1.34195,1
737,116960,2179.56,158.173,1.01159,0.993625,0.990526,0.983401,0.603481,1
738,112806,2425.08,177.029,1.15342,0.988597,1.00373,0.990737,0.907502,1
739,112890,1770.12,128.325,0.84579,0.993228,1.01067,0.984478,1.35366,1
740,120816,2031.44,149.78,0.940734,1.02269,1.00801,1.0054,1.04328,1
741,117084,1427.92,107.053,0.669811,1.0106,1.00765,1.0224,1.09055,1
742,117440,2201.49,161.498,1.02617,1.00341,0.999626,0.997001,1.07995,1
743,122816,2662.8,215.423,1.2337,1.05265,1.02269,1.11769,0.966176,1
744,117279,2022.46,151.343,0.934134,0.995033,0.986137,1.01626,0.895111,1
745,119931,2167.88,159.427,0.996925,1.00788,0.993085,0.999365,0.75156,1
746,122857,2259.31,164.925,1.02578,1.01465,0.989289,0.991634,0.990303,1
747,107076,2119.85,162.107,1.03781,0.979825,1.01477,1.04239,0.992392,1
748,120112,2290.53,163.729,1.06328,1.01574,1.0069,0.97144,0.800668,1
749,118429,1659.4,122.821,0.76693,1.00288,0.992719,1.00576,1.28767,1
750,116333,1483.1,108.765,0.697928,1.0052,1.00758,0.997684,1.19701,1
751,115012,1429.13,104.413,0.678338,1.00378,1.0129,0.994082,0.849799,1
752,118238,1658.89,119.43,0.764491,0.994566,0.986758,0.974548,1.03672,1
753,119145,2129.19,160.852,0.989901,1.01777,1.00582,1.03153,1.23731,1
754,115485,2165.99,161.744,1.02252,1.0046,1.00822,1.01754,0.894139,1
755,116457,2546.65,178.124,1.19371,0.99559,1.00109,0.946372,1.00201,1
756,112109,1353.4,104.511,0.646196,0.99508,1.00727,1.05412,1.02724,1
757,110305,1990.69,155.051,0.949925,0.981449,0.99662,1.06139,1.03558,1
758,114609,2044.8,155.826,0.953969,0.987971,0.986972,1.03595,1.43376,1
759,112606,1958.44,146.063,0.935036,0.994036,1.00885,1.01513,1.07045,1
760,119850,1857.48,134.663,0.851898,1.00239,0.988361,0.98291,1.04268,1
761,122936,2541.62,184.121,1.16216,1.02208,0.999782,0.985439,1.14443,1
762,131514,2445.64,169.267,1.08414,1.0436,0.995326,0.939656,0.85097,1
763,114543,2173.12,168.166,1.02838,1.00501,1.00784,1.05777,0.992203,1
764,115957,1590.5,115.431,0.744408,0.99498,0.997303,0.984306,0.974325,1
765,115872,1945.7,151.716,0.908547,1.00195,0.99577,1.06471,0.735454,1
766,127223,2139.6,158.542,0.95721,1.03236,0.990009,1.00973,1.13507,1
767,118866,1924.63,139.998,0.902907,1.02031,1.01643,0.991468,1.08069,1
768,114406,1888.93,140.633,0.896452,1.00149,1.00997,1.01409,1.22642,1
769,125802,2198.92,158.305,0.997131,1.03319,1.00188,0.980131,0.914602,1
770,109751,1977.21,144.75,0.951483,0.977279,1.00373,0.992654,0.972874,1
771,115744,1477.4,105.813,0.701518,1.00722,1.01684,0.973667,1.32849,1
772,111657,1851.5,135.834,0.884223,0.984583,1.00343,0.995597,0.795516,1
773,114963,1734.2,130.838,0.82373,1.00868,1.01476,1.0301,0.730331,1
774,109966,2517.41,187.328,1.21043,0.980343,1.00427,1.01082,0.807936,1
775,118398,2094.34,153.859,0.969054,1.00287,0.994,0.997837,1.16992,1
776,111939,2256.63,171.915,1.07045,0.984876,0.996413,1.03645,1.0733,1
777,125508,1861.25,136.843,0.838056,1.02593,0.990671,1.00061,1.04383,1
778,117978,1988.36,149.123,0.916197,0.998058,0.986425,1.01906,0.696811,1
779,122190,2995.89,220.726,1.37937,1.02658,1.00667,1.00497,1.07154,1
780,125861,2012.87,157.125,0.903878,1.03421,0.990394,1.06877,0.72407,1
781,115203,1824.36,131.05,0.860817,0.99654,1.00473,0.974428,0.791922,1
782,112020,2232.74,165.085,1.06839,0.990627,1.00859,1.00531,1.18407,1
783,110128,2036.43,144.867,0.981348,0.977943,1.00701,0.96271,1.06375,1
784,118448,1459.95,108.717,0.678771,1.01037,1.00166,1.0142,0.877453,1
785,126223,2592.86,181.931,1.1663,1.02369,0.991375,0.95126,1.24345,1
786,124394,2359.96,168.387,1.07596,1.02762,1.00245,0.970229,1.10471,1
787,118502,2346.24,173.968,1.09149,1.01087,1.00272,1.00977,1.03988,1
788,126708,2435.49,171.498,1.09661,1.02883,0.995324,0.955838,1.00372,1
789,111419,1850.5,136.509,0.882793,0.982317,1.00071,1.00102,0.968466,1
790,106951,2541.68,193.838,1.23763,0.972814,1.00611,1.03765,1.05252,1
791,120127,2083.8,158.294,0.957202,1.01272,0.993505,1.03571,0.645466,1
792,107993,2060.13,150.907,0.993472,0.965601,0.996827,0.991361,1.16944,1
793,119292,2501.55,179.005,1.14973,0.998787,0.988192,0.968834,1.19134,1
794,109098,2718.78,203.973,1.3161,0.981665,1.00942,1.02061,0.591207,1
795,119196,2637.14,188.124,1.22798,1.01193,1.00658,0.968954,1.05446,1
796,116752,2088.05,153.859,0.973006,0.998432,0.995672,1.00084,0.789894,1
797,120351,2826.23,203.937,1.2992,1.00807,0.994178,0.97928,0.828073,1
798,116694,2234.08,173.404,1.05216,1.01704,1.01265,1.06312,0.966316,1
799,116267,1901.46,145.6,0.895795,1.01205,1.01031,1.04669,0.937939,1
800,121039,1566.41,117.598,0.717435,1.01467,0.993575,1.0227,1.07494,1
801,123895,2882.6,211.112,1.29759,1.01329,0.982206,0.99427,0.936334,1
802,116488,1110,85.2826,0.513034,0.993471,0.983739,1.04528,0.875614,1
803,125887,2360.8,175.654,1.06521,1.0328,0.996013,1.01503,1.05322,1
804,124634,2827.11,206.584,1.27581,1.02119,0.989432,0.993475,1.01185,1
805,117162,2563.49,197.015,1.18534,0.999134,0.987957,1.04688,0.822273,1
806,115128,2364.9,164.373,1.10826,0.984352,0.993479,0.938058,1.24783,1
807,110659,2475.67,181.054,1.19514,0.987741,1.01349,0.99375,0.901933,1
808,118023,3105.18,228.5,1.44116,1.00361,0.996553,1.00016,0.541461,1
809,116082,1079.83,77.8942,0.502442,0.988828,0.989322,0.976311,1.22331,1
810,119166,2603.01,184.305,1.19925,0.999058,0.990713,0.95814,1.13852,1
811,119497,2793.96,201.693,1.29389,1.00979,1.00051,0.98061,0.934491,1
812,113177,3399,253.437,1.60643,0.987689,0.997288,1.0131,1.14737,1
813,109823,1616.63,120.713,0.769288,0.968834,0.988609,1.01151,0.410224,1
814,112989,1524.52,111.151,0.718412,0.980019,0.991295,0.987044,0.875347,1
815,116624,1944.36,150.781,0.906529,1.00528,0.997386,1.05891,1.14119,1
816,108282,1775.91,132.165,0.857014,0.970749,0.999955,1.00939,0.896751,1
817,112968,2713.04,202.609,1.29834,0.99963,1.01438,1.01791,1.07142,1
818,106670,2233.13,166.307,1.08319,0.963274,0.998135,1.00927,1.06223,1
819,113294,2616.19,201.104,1.24636,1.00146,1.01054,1.05012,0.812451,1
820,106556,2147.19,160.092,1.06021,0.981015,1.0234,1.01521,0.897699,1
821,117986,2459.2,185.304,1.1401,1.00542,0.995469,1.02617,1.2151,1
822,111053,2065.75,151.455,0.9958,0.989658,1.01366,0.996604,0.934998,1
823,124105,1501.46,111.735,0.686307,1.03422,1.00609,1.01647,1.21504,1
824,107981,2146.66,158.819,1.0361,0.96773,0.998302,1.00251,1.23539,1
825,128939,2173.3,159.455,0.97262,1.0439,0.998626,1.00116,1.08669,1
826,120362,2471.04,184.873,1.1478,1.02473,1.01064,1.02204,0.827178,1
827,113699,2284.67,166.027,1.07359,0.982094,0.991011,0.9838,1.52176,1
828,110858,2511.74,184.297,1.21595,0.992777,1.01885,0.998417,1.12332,1
829,114128,3113.98,229.571,1.46361,0.987602,0.994104,1.00029,1.03178,1
830,122174,1849.06,140.645,0.837393,1.01258,0.983417,1.03592,1.36719,1
831,116918,2937.06,213.79,1.36672,0.996544,0.994183,0.987439,0.592543,1
832,111916,2404.39,171.492,1.13936,0.974685,0.992816,0.963618,0.848059,1
833,118175,2039.79,148.875,0.94504,1.0017,0.994516,0.990732,0.984618,1
834,109685,2420.08,181.261,1.16659,0.981676,1.00657,1.01838,0.727458,1
835,114980,1977.09,143.556,0.922907,0.984763,0.98832,0.982831,1.06308,1
836,117267,1786.98,135.784,0.845433,1.02346,1.02181,1.04052,1.10553,1
837,113204,2409.74,182.626,1.14895,0.99958,1.01075,1.03383,0.776843,1
838,119191,2520.58,183.827,1.15605,0.998307,0.985201,0.988573,1.03828,1
839,112504,1602.41,116.373,0.758226,0.980067,0.994437,0.98323,1.02979,1
840,107539,2050.2,154.51,0.995094,0.972517,1.00442,1.02401,1.06506,1
841,108610,2777.12,196.779,1.33761,0.96493,0.997641,0.956469,1.13176,1
842,110441,2094.01,154.193,0.996713,0.972058,0.992001,0.997071,0.94496,1
843,129927,2644,186.093,1.17677,1.03901,0.99407,0.956247,1.20975,1
844,109759,2157.94,160.331,1.04246,0.983412,1.00985,1.01002,1.14937,1
845,114269,2599.63,179.739,1.2274,0.985052,0.999493,0.933486,1.15039,1
846,122882,1508.44,108.245,0.683801,1.01077,0.986632,0.972685,0.729395,1
847,109654,3138.8,224.532,1.51362,0.975676,1.00555,0.968322,1.41044,1
848,116702,1931.31,142.897,0.912767,1.01406,1.01625,1.00929,0.891339,1
849,127556,1690.39,127.007,0.755829,1.03615,0.991263,1.02555,1.02169,1
850,122438,2184.26,154.83,1.00363,1.02082,1.0037,0.962818,0.967008,1
851,131577,2949.15,217.227,1.3036,1.04934,0.993315,1.00545,1.04917,1
852,109801,2686.11,191.961,1.30734,0.986457,1.01981,0.969826,1.1944,1
853,110972,1741.66,122.074,0.833931,0.975932,1.00201,0.946638,0.563908,1
854,113755,1487.75,109.684,0.702379,0.989404,0.998448,1.00078,1.21964,1
855,110761,2063.63,154.999,0.98052,0.975418,0.991839,1.01908,1.13335,1
856,124041,1820.45,130.529,0.82773,1.02259,0.996821,0.974185,1.24833,1
857,120953,2767.36,197.998,1.2769,1.01557,1.00248,0.971975,0.952917,1
858,124272,1536.86,110.593,0.700628,1.02775,1.00195,0.979054,0.856553,1
859,109889,1962.03,145.277,0.942161,0.977663,1.00176,1.00475,0.464182,1
860,122978,2757.16,192.936,1.26497,1.0215,1.0039,0.94967,1.33698,1
861,121413,2144.1,156.092,0.981179,1.01224,0.993309,0.988936,1.02151,1
862,124495,2854.11,207.753,1.2992,1.02936,1.00129,0.991528,1.08269,1
863,123858,2992.11,217.345,1.35432,1.018,0.989744,0.986847,1.23308,1
864,112901,2252.64,166.943,1.07123,0.99122,1.00448,1.00742,0.813819,1
865,121784,2328.59,165.154,1.07001,1.01605,1.00044,0.962591,0.990552,1
866,114481,1914.16,134.856,0.908504,0.994688,1.00876,0.95445,0.724195,1
867,120580,1947.77,132.13,0.89306,0.998882,0.989828,0.914713,1.22644,1
868,116377,1868.86,138.809,0.878876,1.00659,1.00726,1.01168,0.738268,1
869,127509,2352.25,164.768,1.05496,1.02952,0.993349,0.950272,1.53735,1
870,115183,2535.59,191.526,1.19107,0.998494,0.999703,1.02869,0.943254,1
871,106730,1743.88,125.939,0.854656,0.970297,1.01242,0.978361,1.02944,1
872,111334,2320.72,164.76,1.11898,0.987863,1.0146,0.96244,1.33591,1
873,109823,2608.5,193.087,1.26803,0.99008,1.01929,1.00778,1.24411,1
874,123499,3206.66,233.527,1.44705,1.01236,0.983657,0.98835,0.782073,1
875,116241,1916.8,146.579,0.895344,1.00231,0.997583,1.04261,0.825817,1
876,123118,1900.12,134.627,0.872604,1.02526,1.00638,0.963042,1.25089,1
877,116488,2615.65,193.127,1.20653,0.985845,0.979767,1.00002,1.09644,1
878,112476,2203.58,160.903,1.04509,0.983023,0.997784,0.989768,1.0286,1
879,127186,2833.8,204.904,1.27159,1.03207,0.993478,0.983773,1.2755,1
880,110148,1568.46,121.192,0.756165,0.989894,1.0104,1.05469,1.04982,1
881,121303,2347.22,177.48,1.07848,1.02124,0.999851,1.03219,1.27493,1
882,115257,2006.49,148.685,0.933144,0.985674,0.985052,1.00446,1.14953,1
883,119975,1280.02,96.142,0.586034,1.0063,0.987523,1.02161,1.15157,1
884,106146,1567.18,118.733,0.764932,0.967811,1.00461,1.0294,0.737075,1
885,114751,2122.58,155.394,1.00971,1.00442,1.01479,0.99664,0.847786,1
886,130251,2289.98,165.95,1.01653,1.04233,0.992645,0.987015,0.997849,1
887,125886,2868.66,215.876,1.30002,1.03941,1.00283,1.02918,1.2341,1
888,116200,2384.69,169.994,1.11778,0.996084,1.00026,0.965923,1.10914,1
889,111045,2335.6,175.398,1.11305,0.980742,0.997693,1.02016,0.988121,1
890,119559,2860.66,202.947,1.33178,1.01374,1.00802,0.963572,1.27072,1
891,113404,1822.54,136.322,0.863247,0.992161,1.00173,1.0173,0.765216,1
892,121611,1989.91,145.44,0.914692,1.01921,1.00096,0.994738,1.51555,1
893,116687,1942.62,145.296,0.902824,0.997113,0.991912,1.01659,1.25698,1
894,111789,2068.61,151.445,0.98528,0.98252,1.00024,0.992801,0.819225,1
895,112245,2182.82,160.493,1.041,0.988044,1.00476,0.998516,0.928563,1
896,114714,1525.46,110.502,0.718982,0.992672,1.00071,0.982447,0.906939,1
897,112617,1485.16,112.83,0.707069,0.993669,1.00536,1.03521,0.68007,1
898,122865,1648.03,123.144,0.746138,1.01483,0.985927,1.0166,0.823692,1
899,110133,2861.45,212.223,1.37288,0.978961,1.00199,1.00685,1.11385,1
900,119492,2473.33,173.806,1.14062,1.00158,0.993591,0.950903,0.812284,1
901,119664,1635.44,121.281,0.756461,1.0134,1.00041,1.00983,1.21326,1
902,112680,2352.85,172.488,1.10969,0.979285,0.991023,0.992927,1.0422,1
903,125082,2031.73,145.873,0.921352,1.02752,0.998227,0.97626,0.930827,1
904,122509,1934.31,141.528,0.873731,1.00675,0.980207,0.992245,0.850163,1
905,113508,2262.74,168.604,1.09051,1.01132,1.02782,1.01814,0.92663,1
906,116461,1755.31,130.222,0.814028,0.991962,0.987383,1.00658,1.30406,1
907,118494,3199.74,242.554,1.49752,1.02066,1.01232,1.03661,0.951755,1
908,109242,2358.3,172.699,1.1354,0.973776,1.00154,0.992425,1.16352,1
909,103949,2274.52,167.719,1.12183,0.957003,1.00592,0.998751,1.03911,1
910,119099,2495.41,185.954,1.15552,1.01104,0.999255,1.01488,0.866923,1
911,111789,2089.43,156.974,0.999922,0.991113,1.00796,1.02282,1.06004,1
912,129239,1852.33,135.353,0.827204,1.04304,0.996801,0.99643,1.20253,1
913,117489,1859.8,140.784,0.869097,1.01096,1.00458,1.0329,0.845931,1
914,122216,2207.05,158.646,1.00896,1.01539,0.995555,0.976005,1.12538,1
915,111253,2006.96,145.489,0.975483,0.998614,1.02663,0.986792,1.03205,1
916,113672,2446.11,178.649,1.16457,0.996516,1.00997,0.992749,0.780065,1
917,131081,2652.97,191.646,1.18074,1.05094,1.00041,0.985437,0.864553,1
918,113915,1466.67,113.971,0.693435,0.999667,1.00315,1.06135,1.20341,1
919,125339,2343.86,171.266,1.04741,1.01542,0.978738,0.991556,0.709714,1
920,123008,2056.74,149.233,0.947576,1.03134,1.01134,0.989341,0.70355,1
921,116419,1880.19,139.606,0.887329,1.01075,1.01268,1.01239,1.32956,1
922,123069,2465.34,173.416,1.12366,1.01551,0.994881,0.953407,0.601191,1
923,112793,1240.12,93.8851,0.592447,0.998274,1.01128,1.03244,1.08423,1
924,116847,1927.38,140.422,0.893312,0.991816,0.988062,0.987103,1.19253,1
925,113841,2002.51,152.783,0.941883,0.990887,0.994608,1.03849,0.906068,1
926,109977,1554.9,119.97,0.746036,0.983226,1.00236,1.05134,1.25663,1
927,112995,879.558,65.0384,0.418457,0.992106,1.00555,1.00506,0.861933,1
928,118348,1690.47,120.617,0.781049,0.996975,0.990767,0.965831,0.994791,1
929,126613,2531.63,183.957,1.13986,1.03239,0.995759,0.98928,1.04418,1
930,98515.5,2383.57,182.185,1.2106,0.94622,1.01621,1.0387,1.33191,1
931,114237,2533.41,187.456,1.18889,0.987268,0.992539,1.00396,1.01631,1
932,112917,1389.09,100.938,0.662919,0.99244,1.0091,0.986687,1.03856,1
933,115712,2737.7,212.773,1.26938,0.992682,0.984631,1.05867,1.21145,1
934,115037,2426.24,175.938,1.14002,0.99202,0.998036,0.983307,0.711402,1
935,105435,2297.18,157.781,1.12775,0.955237,1.00587,0.924754,0.637786,1
936,134841,1982.7,147.383,0.854025,1.04387,0.971121,1.01213,1.14971,1
937,114422,2399.77,182.522,1.13218,0.998245,1.00212,1.03668,0.795917,1
938,114417,2566.83,190.684,1.21866,1.00171,1.01057,1.01186,1.20517,1
939,112703,1910.65,143.409,0.904685,0.986821,0.997508,1.0201,0.845312,1
940,118711,2189.96,166.172,1.00262,0.998284,0.981341,1.03151,0.937806,1
941,127708,2763.84,204.973,1.24454,1.04348,1.002,1.01332,0.642472,1
942,119886,2265.07,170.197,1.03503,1.00363,0.984348,1.0215,1.10922,1
943,108511,2340.53,178.819,1.13535,0.981653,1.00964,1.04096,1.03543,1
944,110440,1796,133.972,0.862631,0.983287,1.00543,1.01383,0.599481,1
945,116517,2495.19,178.018,1.1737,1.00245,1.00711,0.968177,1.05443,1
946,121595,2259.49,171.266,1.04057,1.02639,1.00485,1.03607,0.987599,1
947,118241,1814.74,130.655,0.85286,1.01602,1.01535,0.979943,1.14158,1
948,109539,1788.53,136.833,0.854842,0.974532,0.994073,1.03984,1.05518,1
949,109602,1872.12,135.42,0.909991,0.985066,1.01712,0.982061,0.999723,1
950,114600,2366.36,179.296,1.10972,0.992611,0.994211,1.03086,1.10084,1
951,116714,2670.5,198.898,1.24295,0.998361,0.994104,1.01244,0.859109,1
952,124921,2858.39,214.94,1.28617,1.02409,0.987509,1.0249,1.04982,1
953,117268,2638.59,190.72,1.22841,0.998763,0.996496,0.980394,0.997961,1
954,113317,2114.19,158.177,1.00202,0.992201,1.00218,1.01767,0.72871,1
955,112214,2403.38,176.444,1.15472,0.995544,1.01541,0.998882,1.2699,1
956,123467,1974.96,151.659,0.901213,1.03209,1.00138,1.05099,0.901771,1
957,120775,2069.54,154.323,0.964655,1.03134,1.01789,1.01986,1.19617,1
958,110656,2905.42,206.889,1.40705,0.987541,1.01728,0.965932,1.44027,1
959,125103,3139.62,232.004,1.43149,1.03789,1.00727,1.00946,0.911586,1
960,122616,1685.05,124.033,0.767761,1.01792,0.993436,1.00137,0.848465,1
961,118669,1969.65,145.147,0.908813,1.0023,0.991451,1.00082,1.29668,1
962,113520,1785.97,128.742,0.847143,0.989568,1.0033,0.977269,1.04407,1
963,114936,2427.52,179.459,1.14859,1.00139,1.00825,1.0062,0.783175,1
964,113990,2399.58,176.913,1.13436,0.99268,1.00168,1.00161,0.810343,1
965,117333,2209.51,162.226,1.03315,1.00614,1.00367,0.998671,1.08446,1
966,115727,2331.29,170.829,1.09505,0.998419,1.00161,0.995538,0.878545,1
967,116750,2033.77,151.314,0.956217,1.00949,1.00902,1.01407,1.05245,1
968,107943,1947.57,136.958,0.95414,0.976292,1.01816,0.951826,1.02966,1
969,129558,2410.81,173.813,1.07077,1.03726,0.989981,0.980755,0.920235,1
970,122292,1390.58,102.442,0.640797,1.02825,1.0084,1.00504,1.20599,1
971,125100,2126.59,157.305,0.957446,1.02369,0.988711,1.00679,0.931916,1
972,124987,1519.06,108.416,0.693937,1.0343,1.00836,0.971754,1.26868,1
973,124130,1477.62,107.927,0.671542,1.02528,0.997159,0.994175,1.14131,1
974,109429,1244.53,93.0698,0.598303,0.976546,1.0011,1.01537,1.11853,1
975,117500,1963.19,147.566,0.919203,1.01218,1.00728,1.02547,1.33125,1
976,114488,2319.99,167.849,1.09984,0.997032,1.00794,0.98247,0.903135,1
977,118212,2501.49,186.87,1.15653,1.00294,0.992408,1.01598,0.904408,1
978,108025,2326.05,179.736,1.11445,0.966501,0.989358,1.04986,1.22287,1
979,113020,2596.9,186.882,1.22539,0.979958,0.993026,0.973515,0.983588,1
980,116107,2392.92,171.598,1.12817,1.00246,1.00841,0.973692,0.871916,1
981,108257,2058.11,147.928,1.00091,0.973959,1.00994,0.973458,0.788892,1
982,114630,1541.28,110.591,0.728976,0.994491,1.00503,0.973045,0.983732,1
983,122179,2311.78,172.812,1.04831,1.01158,0.984801,1.01666,1.04914,1
984,125688,1770.38,127.575,0.811454,1.04474,1.01724,0.983998,0.782263,1
985,123360,1841.67,131.077,0.838398,1.01789,0.994936,0.965741,1.22097,1
986,122404,1591.85,116.403,0.731911,1.02555,1.00545,0.996389,1.04509,1
987,117323,2251.85,164.52,1.04172,0.993766,0.98792,0.990305,1.5812,1
988,115080,2425.59,177.615,1.14432,0.998026,1.00444,0.995087,0.938758,1
989,121999,2584,201.506,1.18476,1.0287,1.00138,1.06846,1.35768,1
990,108523,1835.23,132.753,0.891996,0.976309,1.0108,0.980504,0.780346,1
991,107458,1374.03,101.995,0.671367,0.97672,1.01313,1.00864,0.966945,1
992,110600,2330.6,171.214,1.11398,0.977369,0.998841,0.995885,1.04588,1
993,117655,1085.2,80.234,0.503621,1.00132,0.994577,1.00458,1.06138,1
994,113363,2727.1,200.657,1.31358,1.00779,1.02575,1.00378,0.718656,1
995,114560,2356.21,175.548,1.1095,0.994344,0.999414,1.01298,1.13859,1
996,115368,2551.23,182.158,1.21717,1.00909,1.02174,0.971287,0.760288,1
997,119881,2412.4,175.387,1.11542,1.01192,1.00041,0.988305,1.02247,1
998,109484,1943.83,145.339,0.935126,0.977694,1.00242,1.01551,0.785256,1
999,108435,1086.98,82.0803,0.535169,0.995187,1.03073,1.03152,0.882086,1
